,twoRateAIC,oneRateAIC
1,33.9297977116064,38.5516679407883
