,twoRateAIC,oneRateAIC
1,32.6215178118075,33.1249193435627
