,twoRateAIC,oneRateAIC
1,34.3567240986786,38.2912242305425
