,twoRateAIC,oneRateAIC
1,34.7855623653638,36.8846214970237
