,twoRateAIC,oneRateAIC
1,34.5300641940669,40.4147611537832
