lambda,N0
0.0881651139723511,49.4020153761072
0.0988010314512506,49.4020153761072
0.0792121552823059,49.4020153761072
0.10376605061995,49.4020153761072
0.117584199281347,49.4020153761072
