lambda,N0
0.0210472232228338,26.4429222380236
0.0184154484710313,25.8360453198056
0.0216572232509928,26.4747070363556
0.020565780495632,25.7528789643015
0.0217340640238726,26.6519364999644
