lambda,N0
0.141414756929676,19.7673665693049
0.168992064541735,19.7673665693049
0.144213086648992,19.7673665693049
0.0942565466024437,19.7673665693049
0.149594778259098,19.7673665693049
