lambda,N0
0.181047408329946,23.1975014079461
0.0984294059915786,24.7509341360018
0.103235822033998,25.5180409913273
0.15686859020298,23.8827917988658
0.142955440241971,26.1524031062741
