lambda,N0
0.784979363390132,9.24920854932576
0.739611553157081,9.38870703130076
0.591257573757361,9.82577742435321
0.674051585175537,8.42371514684889
0.72401101853881,10.0077132789366
