lambda,N0
0.024472460349191,52.015737219515
0.0259633089838382,52.015737219515
0.0241776250777819,52.015737219515
0.0250911948006737,52.015737219515
0.024468999639555,52.015737219515
