lambda,N0
1,4.62779256924364
0.889674951938343,6.28797208643894
1,6.00176732001972
0.216663835823489,4.92576326172586
1,5.6425793945196
