lambda,N0
0.130394671326738,10.3466606947472
0.154046594744528,10.3466606947472
0.174839939858985,10.3466606947472
0.200383000721073,10.3466606947472
0.106356529926513,10.3466606947472
