lambda,N0
0.812416066731385,13.0218648665466
0.574126504774266,12.7899021342937
0.343041676933994,16.1306253488504
0.968309398485912,14.1307798666277
0.57640942988073,14.4759700540061
