lambda,N0
0.132842521386162,31.8936960212083
0.227698218011386,31.8936960212083
0.182790803397025,31.8936960212083
0.16345169808351,31.8936960212083
0.188036425100089,31.8936960212083
