lambda,N0
0.128805132509867,22.456585244779
0.150705964250502,23.9802120503878
0.0966628051236873,21.3480574200772
0.1303409722639,23.947071535812
0.0937909990579006,22.6348798947827
