lambda,N0
0.43200802790988,15.4715233917063
0.439461312619925,15.4121805203636
0.558735082391819,14.1015927931234
0.562250996961796,14.9318182255072
0.311310630567929,15.6391782256521
