lambda,N0
0.0408707161219194,42.3128156194876
0.043480621245273,42.3128156194876
0.0440186266515353,42.3128156194876
0.0343968047046228,42.3128156194876
0.0397809805326974,42.3128156194876
