lambda,N0
0.185591878089414,46.7245152009177
0.118188217985771,46.7245152009177
0.159603507906954,46.7245152009177
0.122169702483106,46.7245152009177
0.104772160348749,46.7245152009177
