lambda,N0
0.0411767956010596,44.1094151642601
0.0408675592004288,44.1094151642601
0.036522456853737,44.1094151642601
0.0448745606028087,44.1094151642601
0.0429721162656769,44.1094151642601
