lambda,N0
0.146755964105428,22.3902597130252
0.136211239778355,23.9554201378006
0.147230584989514,22.5884087941696
0.145648326218651,22.8460125070013
0.126826664355182,23.7147872450131
