lambda,N0
0.423070557705529,15.7114476487905
0.255402538372331,17.2934706046756
0.274644332356594,15.7235429369753
0.331166072142345,16.5124218426954
0.414823619087222,16.2256131504198
