lambda,N0
0.029041183215878,22.3044452163527
0.035151983904698,20.5867503087647
0.0333846446531561,22.0289625117776
0.0348401711412609,20.4767444196642
0.0330523807472521,21.6976987302706
