lambda,N0
0.0354713768708336,21.2893216703789
0.0318802805347269,22.1724287567502
0.0301246136446024,22.4042915421683
0.0335957507543333,22.3139046783351
0.0330018562190305,22.3685440083729
