lambda,N0
0.201589517247648,30.6839754446691
0.172303969762547,30.6839754446691
0.259488031311827,30.6839754446691
0.259501939633755,30.6839754446691
0.190460136275447,30.6839754446691
