lambda,N0
0.121019150216834,23.4585393098613
0.180733891648568,22.9024787609094
0.16712794595026,22.966743931452
0.170539357492449,23.1789135951651
0.147720840810419,23.8286852351082
