lambda,N0
0.117105813289455,46.3220439221207
0.123406249343178,46.3220439221207
0.11531948271175,46.3220439221207
0.115901900381917,46.3220439221207
0.108667564023881,46.3220439221207
