lambda,N0
0.337383366891479,29.7551616236062
0.257601524509359,29.7551616236062
0.259985383636508,29.7551616236062
0.237533634252034,29.7551616236062
0.210361835227093,29.7551616236062
