lambda,N0
0.0350027664154407,21.9042674088608
0.0339136370932709,24.2268662936149
0.0358180696690661,23.6406083053759
0.0349975420174499,21.4564982668793
0.0359335587306898,22.6719093416201
