lambda,N0
0.042007974887401,42.8804628976775
0.038334847674997,42.8804628976775
0.042522221530625,42.8804628976775
0.0408564671291511,42.8804628976775
0.0383543940293474,42.8804628976775
