lambda,N0
0.144270382279807,46.3138256313406
0.118539898594767,46.3138256313406
0.133938892085942,46.3138256313406
0.115065558576713,46.3138256313406
0.128665983935228,46.3138256313406
