lambda,N0
0.317651402975535,28.6974337261828
0.276469387365119,28.6730886747261
0.316641255717181,28.3872072355226
0.234985272669888,28.4530491729986
0.383216096536062,28.1764295353403
