lambda,N0
0.031807577836512,24.0722689044579
0.0332903857539951,23.6991443685471
0.0352188852920705,23.4458865515948
0.0346687472328898,26.2709519509111
0.0377912412303233,22.579765709348
