lambda,N0
0.146918108457946,57.1266076904155
0.142407320962913,57.1266076904155
0.11485954787715,57.1266076904155
0.128203785677583,57.1266076904155
0.112023671749793,57.1266076904155
