lambda,N0
0.2249638031397,13.7618198972936
0.18685865588468,13.7618198972936
0.181067529785148,13.7618198972936
0.368950504871355,13.7618198972936
0.299819002188585,13.7618198972936
