lambda,N0
0.0474954697127437,50.3668109093762
0.041854386032199,50.3668109093762
0.0486933294195554,50.3668109093762
0.0456992704279893,50.3668109093762
0.0438110427185714,50.3668109093762
