lambda,N0
0.431418699621949,7.50950924339738
0.931022888929161,7.01403518897122
0.412003524037963,6.80852370509229
0.885815026534202,6.18061581709188
0.958827669153346,7.1917157237345
