lambda,N0
0.0255698544204692,28.1581807032594
0.0281288483558766,28.3445055997773
0.028651527791343,26.0951144048573
0.030406161775415,27.0929871954227
0.0253277528254152,26.5471096577466
