lambda,N0
0.0427503799609194,54.4289891713663
0.0378079023237434,54.4289891713663
0.0348083266539697,54.4289891713663
0.0404795820982713,54.4289891713663
0.0380691198507706,54.4289891713663
