lambda,N0
0.31662164169444,29.5604424487938
0.331790233957881,29.1001336754795
0.367070637963992,29.3012397165995
0.370051662859204,29.7647927817125
0.292740050672697,29.2814330251641
