lambda,N0
0.155622305298654,58.6952087143747
0.151655159144528,58.6952087143747
0.164581962928097,58.6952087143747
0.137176494943568,58.6952087143747
0.146248243324339,58.6952087143747
