lambda,N0
0.0598429258593262,6.51323222961024
0.378819022644318,6.70034382298502
0.235690729402614,6.86639172721094
0.262399193190005,5.72292972657405
0.438177210735892,4.55166102887516
