lambda,N0
0.514185132205247,12.6386590606996
0.105976350427711,12.6386590606996
0.118035837222102,12.6386590606996
0.157194178875887,12.6386590606996
0.0992272823814153,12.6386590606996
