lambda,N0
0.0338857268947918,24.0290879901787
0.0356557337239834,26.7006079200361
0.0357641944720161,26.613002981404
0.0354601166429403,25.0875740247179
0.0327297411869145,25.326873315161
