lambda,N0
0.0443889457022836,50.6980895774214
0.0440358582470034,50.6980895774214
0.0332176317576639,50.6980895774214
0.0390665415648015,50.6980895774214
0.0425742288936988,50.6980895774214
