lambda,N0
1,20.2780828020467
1,22.0850086834457
1,20.9249406453802
1,20.9521833784815
1,21.178957696831
