lambda,N0
0.0381437585767844,43.7760304942798
0.0343666182617304,43.7760304942798
0.0366513709707854,43.7760304942798
0.0381039876885449,43.7760304942798
0.0373773004123588,43.7760304942798
